rt,mz,spectrum,intensity
1460.043,472.279629,412,364
1460.043,472.276229,415,237
1460.043,472.276229,418,186
1460.043,472.272829,419,432
1460.043,472.283029,420,389
1460.043,472.272829,426,245
1460.043,472.286429,430,618
1460.043,472.279629,432,93
1460.043,472.272829,433,423
1460.043,472.286429,433,550
1460.043,472.283029,434,508
1460.043,472.272829,435,440
1460.043,472.276229,436,550
1460.043,472.276229,437,576
1460.043,472.286429,438,694
1460.043,472.279629,439,889
1460.043,472.272829,440,1346
1460.043,472.279629,441,1363
1460.043,472.272829,442,1397
1460.043,472.279629,443,559
1460.043,472.286429,444,813
1460.043,472.286429,445,1431
1460.043,472.276229,446,1982
1460.043,472.276229,447,1092
1460.043,472.283029,448,1058
1460.043,472.272829,449,2253
1460.043,472.279629,450,1287
1460.043,472.276229,451,2998
1460.043,472.272829,452,1042
1460.043,472.286429,452,491
1460.043,472.279629,453,1643
1460.043,472.276229,454,652
1460.043,472.279629,455,1440
1460.043,472.283029,456,804
1460.043,472.276229,457,728
1460.043,472.279629,458,686
1460.043,472.279629,459,770
1460.043,472.276229,461,881
1460.587,472.279629,413,799
1460.587,472.276229,416,149
1460.587,472.279629,417,99
1460.587,472.276229,423,592
1460.587,472.276229,424,164
1460.587,472.286429,425,249
1460.587,472.279629,427,777
1460.587,472.272829,429,292
1460.587,472.279629,431,328
1460.587,472.279629,432,471
1460.587,472.283029,434,570
1460.587,472.279629,436,656
1460.587,472.279629,437,606
1460.587,472.276229,438,485
1460.587,472.286429,439,356
1460.587,472.276229,440,1134
1460.587,472.279629,441,1455
1460.587,472.276229,442,578
1460.587,472.276229,443,1620
1460.587,472.283029,444,285
1460.587,472.276229,445,635
1460.587,472.276229,446,1341
1460.587,472.276229,447,1227
1460.587,472.276229,448,949
1460.587,472.276229,449,785
1460.587,472.279629,450,856
1460.587,472.276229,451,642
1460.587,472.276229,452,884
1460.587,472.276229,453,1612
1460.587,472.279629,455,264
1460.587,472.276229,456,264
1460.587,472.272829,457,656
1460.587,472.276229,458,421
1460.587,472.272829,459,471
1460.587,472.276229,462,492
1460.587,472.286429,462,478
1460.587,472.272829,464,178
1460.587,472.272829,465,314
1460.587,472.283029,466,349
1461.129,472.276229,409,590
1461.129,472.276229,410,198
1461.129,472.279629,412,499
1461.129,472.272829,417,265
1461.129,472.269429,419,198
1461.129,472.272829,420,397
1461.129,472.283029,421,138
1461.129,472.276229,423,295
1461.129,472.272829,424,343
1461.129,472.279629,425,590
1461.129,472.279629,428,361
1461.129,472.272829,429,511
1461.129,472.283029,431,349
1461.129,472.279629,432,481
1461.129,472.276229,433,560
1461.129,472.276229,434,361
1461.129,472.283029,435,867
1461.129,472.276229,436,355
1461.129,472.279629,438,524
1461.129,472.279629,439,132
1461.129,472.276229,440,650
1461.129,472.283029,441,542
1461.129,472.283029,442,740
1461.129,472.283029,444,1361
1461.129,472.279629,445,1650
1461.129,472.276229,446,517
1461.129,472.272829,447,1313
1461.129,472.276229,448,1361
1461.129,472.279629,449,1011
1461.129,472.279629,450,1222
1461.129,472.272829,451,752
1461.129,472.279629,451,776
1461.129,472.276229,452,975
1461.129,472.283029,453,939
1461.129,472.279629,454,1288
1461.129,472.276229,455,192
1461.129,472.272829,456,1054
1461.129,472.279629,457,891
1461.129,472.279629,458,295
1461.129,472.272829,461,638
1461.129,472.269429,462,210
1461.129,472.272829,464,265
1461.129,472.279629,465,180
1461.67,472.276229,401,181
1461.67,472.276229,403,151
1461.67,472.283029,414,181
1461.67,472.279629,416,337
1461.67,472.279629,417,435
1461.67,472.279629,419,298
1461.67,472.279629,421,166
1461.67,472.279629,422,264
1461.67,472.283029,423,587
1461.67,472.279629,424,856
1461.67,472.279629,425,420
1461.67,472.276229,426,445
1461.67,472.283029,427,498
1461.67,472.276229,428,533
1461.67,472.283029,429,376
1461.67,472.279629,430,552
1461.67,472.276229,431,513
1461.67,472.279629,432,552
1461.67,472.286429,433,591
1461.67,472.266029,434,430
1461.67,472.286429,434,332
1461.67,472.276229,435,396
1461.67,472.266029,436,190
1461.67,472.276229,436,396
1461.67,472.279629,437,347
1461.67,472.276229,438,195
1461.67,472.272829,439,254
1461.67,472.286429,439,166
1461.67,472.276229,440,1022
1461.67,472.269429,441,357
1461.67,472.279629,441,401
1461.67,472.272829,442,391
1461.67,472.279629,443,640
1461.67,472.283029,444,562
1461.67,472.276229,445,782
1461.67,472.276229,446,675
1461.67,472.279629,447,1237
1461.67,472.279629,448,826
1461.67,472.276229,449,1037
1461.67,472.272829,450,538
1461.67,472.286429,450,386
1461.67,472.279629,451,826
1461.67,472.276229,452,337
1461.67,472.283029,453,313
1461.67,472.276229,454,665
1461.67,472.276229,455,440
1461.67,472.276229,456,244
1461.67,472.272829,458,195
1461.67,472.276229,459,215
1461.67,472.276229,460,410
1461.67,472.276229,461,166
1461.67,472.286429,461,264
1461.67,472.279629,462,528
1461.67,472.276229,465,97
1462.211,472.279629,401,135
1462.211,472.286429,403,109
1462.211,472.272829,405,256
1462.211,472.283029,407,109
1462.211,472.272829,411,67
1462.211,472.272829,413,234
1462.211,472.276229,414,218
1462.211,472.276229,415,109
1462.211,472.272829,416,75
1462.211,472.286429,416,37
1462.211,472.283029,417,400
1462.211,472.279629,418,203
1462.211,472.276229,419,90
1462.211,472.279629,420,211
1462.211,472.283029,421,362
1462.211,472.276229,422,615
1462.211,472.272829,423,622
1462.211,472.279629,424,354
1462.211,472.283029,425,566
1462.211,472.279629,426,434
1462.211,472.283029,427,1000
1462.211,472.272829,428,577
1462.211,472.276229,429,845
1462.211,472.266029,430,249
1462.211,472.283029,430,702
1462.211,472.276229,431,562
1462.211,472.279629,432,453
1462.211,472.279629,433,226
1462.211,472.276229,434,422
1462.211,472.279629,435,336
1462.211,472.279629,436,800
1462.211,472.276229,437,234
1462.211,472.276229,438,645
1462.211,472.276229,439,468
1462.211,472.279629,440,445
1462.211,472.279629,441,419
1462.211,472.279629,442,826
1462.211,472.276229,443,415
1462.211,472.279629,444,758
1462.211,472.272829,445,558
1462.211,472.272829,446,668
1462.211,472.279629,447,694
1462.211,472.276229,448,902
1462.211,472.272829,449,332
1462.211,472.283029,449,290
1462.211,472.272829,450,377
1462.211,472.283029,450,320
1462.211,472.276229,451,645
1462.211,472.279629,452,638
1462.211,472.276229,453,264
1462.211,472.279629,454,490
1462.211,472.283029,455,487
1462.211,472.279629,456,324
1462.211,472.286429,457,317
1462.211,472.276229,458,437
1462.211,472.272829,460,147
1462.211,472.279629,461,218
1462.211,472.279629,462,120
1462.211,472.276229,463,207
1462.211,472.276229,465,200
1462.211,472.272829,467,222
1462.753,472.276229,401,188
1462.753,472.272829,402,30
1462.753,472.279629,403,115
1462.753,472.279629,404,87
1462.753,472.283029,405,115
1462.753,472.276229,406,143
1462.753,472.276229,410,332
1462.753,472.276229,411,194
1462.753,472.276229,412,157
1462.753,472.276229,413,388
1462.753,472.276229,414,312
1462.753,472.279629,415,323
1462.753,472.269429,416,202
1462.753,472.283029,417,354
1462.753,472.276229,418,706
1462.753,472.279629,419,306
1462.753,472.279629,420,630
1462.753,472.276229,421,774
1462.753,472.276229,422,718
1462.753,472.283029,423,794
1462.753,472.272829,424,985
1462.753,472.279629,425,1103
1462.753,472.279629,426,1191
1462.753,472.279629,427,1196
1462.753,472.279629,428,1157
1462.753,472.276229,429,861
1462.753,472.276229,430,501
1462.753,472.279629,431,1005
1462.753,472.276229,432,878
1462.753,472.272829,433,965
1462.753,472.279629,434,422
1462.753,472.283029,435,416
1462.753,472.272829,436,461
1462.753,472.279629,437,1044
1462.753,472.276229,438,346
1462.753,472.276229,439,343
1462.753,472.276229,440,695
1462.753,472.279629,441,616
1462.753,472.272829,442,487
1462.753,472.279629,443,380
1462.753,472.276229,444,366
1462.753,472.279629,445,495
1462.753,472.283029,446,335
1462.753,472.272829,447,743
1462.753,472.279629,448,290
1462.753,472.276229,449,898
1462.753,472.279629,450,568
1462.753,472.276229,451,326
1462.753,472.279629,452,298
1462.753,472.272829,453,174
1462.753,472.276229,454,270
1462.753,472.286429,455,185
1462.753,472.276229,456,214
1462.753,472.279629,457,309
1462.753,472.272829,458,242
1462.753,472.279629,459,222
1462.753,472.283029,461,81
1462.753,472.276229,464,33
1462.753,472.269429,465,56
1462.753,472.279629,467,191
1463.292,472.283029,401,164
1463.292,472.276229,402,154
1463.292,472.272829,403,394
1463.292,472.276229,404,220
1463.292,472.272829,405,150
1463.292,472.276229,406,36
1463.292,472.276229,408,576
1463.292,472.276229,409,330
1463.292,472.279629,410,210
1463.292,472.279629,411,270
1463.292,472.276229,412,328
1463.292,472.276229,413,578
1463.292,472.279629,414,537
1463.292,472.276229,415,661
1463.292,472.279629,416,601
1463.292,472.276229,417,860
1463.292,472.279629,418,612
1463.292,472.279629,419,614
1463.292,472.276229,420,1125
1463.292,472.276229,421,842
1463.292,472.272829,422,1449
1463.292,472.276229,423,1734
1463.292,472.279629,424,852
1463.292,472.276229,425,1026
1463.292,472.276229,426,1720
1463.292,472.276229,427,985
1463.292,472.276229,428,1140
1463.292,472.279629,429,717
1463.292,472.279629,430,1154
1463.292,472.279629,431,1235
1463.292,472.276229,432,1266
1463.292,472.276229,433,1179
1463.292,472.279629,434,1212
1463.292,472.279629,435,1386
1463.292,472.272829,436,788
1463.292,472.276229,437,537
1463.292,472.279629,438,508
1463.292,472.279629,439,661
1463.292,472.272829,440,616
1463.292,472.279629,441,317
1463.292,472.276229,442,421
1463.292,472.279629,443,369
1463.292,472.272829,444,187
1463.292,472.283029,445,266
1463.292,472.276229,446,405
1463.292,472.279629,447,450
1463.292,472.279629,448,218
1463.292,472.283029,449,129
1463.292,472.283029,450,177
1463.292,472.272829,451,429
1463.292,472.283029,452,38
1463.292,472.279629,453,436
1463.292,472.276229,455,208
1463.292,472.272829,456,456
1463.292,472.279629,457,156
1463.292,472.276229,458,135
1463.292,472.276229,459,17
1463.292,472.279629,460,166
1463.292,472.283029,462,75
1463.292,472.272829,463,112
1463.292,472.279629,467,34
1463.831,472.276229,401,401
1463.831,472.276229,402,456
1463.831,472.276229,403,536
1463.831,472.279629,404,466
1463.831,472.276229,405,195
1463.831,472.279629,406,276
1463.831,472.272829,407,479
1463.831,472.276229,408,508
1463.831,472.279629,409,1008
1463.831,472.276229,410,793
1463.831,472.279629,411,741
1463.831,472.272829,412,793
1463.831,472.276229,413,460
1463.831,472.279629,414,1326
1463.831,472.276229,415,969
1463.831,472.276229,416,1268
1463.831,472.276229,417,1504
1463.831,472.276229,418,1311
1463.831,472.279629,419,1060
1463.831,472.276229,420,1437
1463.831,472.276229,421,1313
1463.831,472.279629,422,1383
1463.831,472.279629,423,1257
1463.831,472.276229,424,1632
1463.831,472.276229,425,2000
1463.831,472.276229,426,1690
1463.831,472.276229,427,1209
1463.831,472.276229,428,1276
1463.831,472.272829,429,1276
1463.831,472.279629,430,950
1463.831,472.276229,431,1532
1463.831,472.279629,432,1513
1463.831,472.276229,433,1105
1463.831,472.279629,434,791
1463.831,472.279629,435,770
1463.831,472.276229,436,781
1463.831,472.276229,437,1017
1463.831,472.279629,438,611
1463.831,472.279629,439,683
1463.831,472.276229,440,497
1463.831,472.279629,441,495
1463.831,472.276229,442,512
1463.831,472.272829,443,232
1463.831,472.283029,443,189
1463.831,472.276229,444,334
1463.831,472.276229,445,594
1463.831,472.286429,446,286
1463.831,472.279629,447,380
1463.831,472.272829,448,109
1463.831,472.283029,448,100
1463.831,472.276229,449,456
1463.831,472.279629,450,404
1463.831,472.279629,451,208
1463.831,472.276229,452,150
1463.831,472.286429,453,91
1463.831,472.272829,454,165
1463.831,472.276229,455,104
1463.831,472.276229,456,161
1463.831,472.272829,457,107
1463.831,472.286429,457,96
1463.831,472.272829,459,98
1463.831,472.283029,460,100
1463.831,472.269429,461,37
1463.831,472.276229,463,102
1463.831,472.276229,466,44
1464.375,472.283029,401,189
1464.375,472.272829,402,126
1464.375,472.279629,403,312
1464.375,472.276229,404,554
1464.375,472.283029,405,350
1464.375,472.276229,406,384
1464.375,472.276229,407,588
1464.375,472.272829,408,318
1464.375,472.276229,409,376
1464.375,472.276229,410,654
1464.375,472.279629,411,996
1464.375,472.272829,412,915
1464.375,472.279629,413,1521
1464.375,472.272829,414,1001
1464.375,472.276229,415,1544
1464.375,472.279629,416,1570
1464.375,472.279629,417,3059
1464.375,472.276229,418,2276
1464.375,472.276229,419,1719
1464.375,472.279629,420,2104
1464.375,472.276229,421,1397
1464.375,472.279629,422,2732
1464.375,472.276229,423,3212
1464.375,472.279629,424,1983
1464.375,472.279629,425,2095
1464.375,472.279629,426,2580
1464.375,472.279629,427,3048
1464.375,472.276229,428,2505
1464.375,472.279629,429,2600
1464.375,472.279629,430,2537
1464.375,472.276229,431,2388
1464.375,472.276229,432,2124
1464.375,472.279629,433,1877
1464.375,472.279629,434,2239
1464.375,472.276229,435,2150
1464.375,472.279629,436,1484
1464.375,472.279629,437,1903
1464.375,472.276229,438,1251
1464.375,472.279629,439,1211
1464.375,472.276229,440,1400
1464.375,472.276229,441,783
1464.375,472.276229,442,944
1464.375,472.279629,443,930
1464.375,472.276229,444,565
1464.375,472.276229,445,562
1464.375,472.286429,446,272
1464.375,472.276229,447,565
1464.375,472.269429,448,456
1464.375,472.276229,449,499
1464.375,472.286429,450,258
1464.375,472.269429,451,246
1464.375,472.276229,452,292
1464.375,472.276229,453,470
1464.375,472.272829,454,94
1464.375,472.279629,455,209
1464.375,472.279629,456,324
1464.375,472.279629,457,261
1464.375,472.276229,461,218
1464.914,472.272829,402,467
1464.914,472.276229,403,97
1464.914,472.269429,404,351
1464.914,472.272829,405,400
1464.914,472.276229,407,805
1464.914,472.279629,408,1384
1464.914,472.276229,409,1015
1464.914,472.279629,410,841
1464.914,472.272829,411,1937
1464.914,472.272829,412,1447
1464.914,472.276229,413,2043
1464.914,472.276229,414,2613
1464.914,472.276229,415,2248
1464.914,472.276229,416,2996
1464.914,472.276229,417,3593
1464.914,472.276229,418,2823
1464.914,472.276229,419,2524
1464.914,472.279629,420,4528
1464.914,472.272829,421,3077
1464.914,472.279629,422,3638
1464.914,472.279629,423,3998
1464.914,472.276229,424,3602
1464.914,472.276229,425,3615
1464.914,472.276229,426,3531
1464.914,472.276229,427,3704
1464.914,472.276229,428,4323
1464.914,472.279629,429,3424
1464.914,472.276229,430,2538
1464.914,472.276229,431,2177
1464.914,472.279629,432,2800
1464.914,472.276229,433,3544
1464.914,472.272829,434,2048
1464.914,472.276229,435,2507
1464.914,472.276229,436,2573
1464.914,472.276229,437,3522
1464.914,472.279629,438,1732
1464.914,472.276229,439,1224
1464.914,472.276229,440,2466
1464.914,472.276229,441,1718
1464.914,472.279629,442,1505
1464.914,472.276229,443,1304
1464.914,472.276229,444,935
1464.914,472.276229,445,414
1464.914,472.276229,446,387
1464.914,472.276229,447,458
1464.914,472.276229,448,374
1464.914,472.276229,449,779
1464.914,472.276229,450,329
1464.914,472.279629,451,556
1464.914,472.279629,452,173
1464.914,472.279629,453,329
1464.914,472.272829,454,449
1464.914,472.276229,456,44
1464.914,472.283029,457,276
1464.914,472.279629,458,173
1464.914,472.276229,460,213
1464.914,472.283029,464,191
1465.458,472.276229,401,478
1465.458,472.272829,404,355
1465.458,472.279629,405,317
1465.458,472.283029,406,407
1465.458,472.279629,407,692
1465.458,472.276229,408,847
1465.458,472.279629,409,3009
1465.458,472.276229,410,1326
1465.458,472.276229,411,1598
1465.458,472.279629,412,2096
1465.458,472.279629,413,2556
1465.458,472.279629,414,3236
1465.458,472.276229,415,3501
1465.458,472.279629,416,2718
1465.458,472.279629,417,5378
1465.458,472.276229,418,4135
1465.458,472.276229,419,3533
1465.458,472.276229,420,3740
1465.458,472.276229,421,3656
1465.458,472.276229,422,5831
1465.458,472.276229,423,3889
1465.458,472.276229,424,6342
1465.458,472.279629,425,5106
1465.458,472.279629,426,6051
1465.458,472.276229,427,5287
1465.458,472.279629,428,5080
1465.458,472.276229,429,4718
1465.458,472.276229,430,6245
1465.458,472.276229,431,4892
1465.458,472.276229,432,4860
1465.458,472.279629,433,4439
1465.458,472.279629,434,4692
1465.458,472.279629,435,6789
1465.458,472.276229,436,3721
1465.458,472.276229,437,4951
1465.458,472.279629,438,4219
1465.458,472.272829,439,2258
1465.458,472.279629,440,2194
1465.458,472.279629,441,2181
1465.458,472.276229,442,2439
1465.458,472.279629,443,2472
1465.458,472.269429,444,673
1465.458,472.279629,444,666
1465.458,472.283029,445,1093
1465.458,472.279629,446,1100
1465.458,472.272829,447,673
1465.458,472.283029,447,627
1465.458,472.283029,448,938
1465.458,472.276229,449,595
1465.458,472.269429,451,686
1465.458,472.276229,452,588
1465.458,472.279629,453,478
1465.458,472.279629,454,673
1465.458,472.279629,455,440
1465.458,472.276229,458,595
1465.458,472.276229,459,155
1465.458,472.272829,460,304
1465.998,472.276229,401,338
1465.998,472.276229,403,480
1465.998,472.272829,404,748
1465.998,472.272829,405,195
1465.998,472.279629,406,284
1465.998,472.272829,407,178
1465.998,472.276229,408,1416
1465.998,472.269429,409,1086
1465.998,472.276229,410,1451
1465.998,472.279629,411,1718
1465.998,472.283029,412,1095
1465.998,472.276229,413,4479
1465.998,472.276229,414,3215
1465.998,472.279629,415,3188
1465.998,472.279629,416,5494
1465.998,472.276229,417,4301
1465.998,472.276229,418,4693
1465.998,472.276229,419,5049
1465.998,472.276229,420,8834
1465.998,472.279629,421,6225
1465.998,472.279629,422,6679
1465.998,472.276229,423,6385
1465.998,472.276229,424,8594
1465.998,472.279629,425,7338
1465.998,472.276229,426,6278
1465.998,472.276229,427,8318
1465.998,472.276229,428,5299
1465.998,472.276229,429,8540
1465.998,472.276229,430,4479
1465.998,472.276229,431,6180
1465.998,472.276229,432,6759
1465.998,472.279629,433,7596
1465.998,472.279629,434,7623
1465.998,472.276229,435,4729
1465.998,472.279629,436,6011
1465.998,472.276229,437,6688
1465.998,472.279629,438,5877
1465.998,472.272829,439,3918
1465.998,472.279629,440,2199
1465.998,472.279629,441,1674
1465.998,472.279629,442,1522
1465.998,472.269429,443,2279
1465.998,472.279629,444,1362
1465.998,472.276229,445,2529
1465.998,472.279629,446,1113
1465.998,472.269429,447,935
1465.998,472.283029,447,757
1465.998,472.276229,448,837
1465.998,472.279629,449,365
1465.998,472.276229,450,472
1465.998,472.279629,451,106
1465.998,472.272829,452,596
1465.998,472.283029,452,543
1465.998,472.283029,453,561
1465.998,472.279629,454,685
1465.998,472.283029,459,463
1465.998,472.283029,461,187
1465.998,472.276229,462,365
1466.537,472.279629,401,104
1466.537,472.279629,403,243
1466.537,472.279629,404,1146
1466.537,472.272829,405,1192
1466.537,472.276229,406,567
1466.537,472.272829,407,1076
1466.537,472.272829,408,1169
1466.537,472.272829,409,2060
1466.537,472.272829,410,2570
1466.537,472.283029,411,1678
1466.537,472.279629,412,4133
1466.537,472.276229,413,4144
1466.537,472.276229,414,3311
1466.537,472.279629,415,4503
1466.537,472.279629,416,5406
1466.537,472.279629,417,6020
1466.537,472.279629,418,6541
1466.537,472.279629,419,7189
1466.537,472.279629,420,8706
1466.537,472.276229,421,9424
1466.537,472.279629,422,10790
1466.537,472.279629,423,7351
1466.537,472.276229,424,6518
1466.537,472.279629,425,11380
1466.537,472.276229,426,11172
1466.537,472.279629,427,9945
1466.537,472.276229,428,11184
1466.537,472.279629,429,7375
1466.537,472.279629,430,12272
1466.537,472.276229,431,12156
1466.537,472.279629,432,8197
1466.537,472.279629,433,7548
1466.537,472.276229,434,9841
1466.537,472.276229,435,2894
1466.537,472.279629,436,4445
1466.537,472.279629,437,5858
1466.537,472.276229,438,6020
1466.537,472.276229,439,3762
1466.537,472.279629,440,2813
1466.537,472.269429,441,2107
1466.537,472.279629,442,4052
1466.537,472.276229,443,1192
1466.537,472.279629,444,1134
1466.537,472.276229,445,2385
1466.537,472.276229,446,1562
1466.537,472.279629,447,1991
1466.537,472.276229,448,1840
1466.537,472.276229,449,1065
1466.537,472.272829,450,428
1466.537,472.269429,451,567
1466.537,472.279629,451,671
1466.537,472.272829,452,625
1466.537,472.283029,453,324
1466.537,472.279629,455,914
1466.537,472.276229,457,266
1466.537,472.283029,465,544
1467.076,472.276229,401,390
1467.076,472.283029,404,738
1467.076,472.279629,405,651
1467.076,472.276229,406,1447
1467.076,472.276229,407,1316
1467.076,472.283029,408,549
1467.076,472.276229,409,2026
1467.076,472.272829,410,2691
1467.076,472.279629,411,4153
1467.076,472.279629,412,5354
1467.076,472.272829,413,4168
1467.076,472.283029,414,5383
1467.076,472.279629,415,7062
1467.076,472.279629,416,7641
1467.076,472.276229,417,9855
1467.076,472.283029,418,5919
1467.076,472.276229,419,12778
1467.076,472.279629,420,7453
1467.076,472.279629,421,8654
1467.076,472.279629,422,7236
1467.076,472.276229,423,11954
1467.076,472.276229,424,7699
1467.076,472.276229,425,8610
1467.076,472.276229,426,9406
1467.076,472.276229,427,11722
1467.076,472.279629,428,12721
1467.076,472.283029,429,10709
1467.076,472.279629,430,9045
1467.076,472.279629,431,8943
1467.076,472.279629,432,8712
1467.076,472.279629,433,9030
1467.076,472.276229,434,10405
1467.076,472.283029,435,4529
1467.076,472.276229,436,6700
1467.076,472.279629,437,5948
1467.076,472.276229,438,4544
1467.076,472.279629,439,4385
1467.076,472.279629,440,3024
1467.076,472.279629,441,6295
1467.076,472.276229,442,5600
1467.076,472.279629,443,4153
1467.076,472.276229,444,1997
1467.076,472.276229,445,2243
1467.076,472.279629,446,2330
1467.076,472.279629,447,1649
1467.076,472.276229,448,969
1467.076,472.283029,449,911
1467.076,472.279629,450,144
1467.076,472.272829,451,984
1467.076,472.272829,455,767
1467.616,472.276229,402,546
1467.616,472.276229,403,358
1467.616,472.276229,405,1315
1467.616,472.276229,406,1827
1467.616,472.279629,407,854
1467.616,472.272829,408,495
1467.616,472.279629,409,1981
1467.616,472.276229,410,2425
1467.616,472.279629,411,1861
1467.616,472.276229,412,1759
1467.616,472.272829,413,5227
1467.616,472.272829,414,6115
1467.616,472.272829,415,7618
1467.616,472.286429,416,3194
1467.616,472.279629,417,7994
1467.616,472.276229,418,8626
1467.616,472.279629,419,10300
1467.616,472.279629,420,10437
1467.616,472.279629,421,8848
1467.616,472.276229,422,13153
1467.616,472.279629,423,10932
1467.616,472.279629,424,11530
1467.616,472.286429,425,8626
1467.616,472.279629,426,12794
1467.616,472.279629,427,14878
1467.616,472.279629,428,14810
1467.616,472.279629,429,17662
1467.616,472.276229,430,10864
1467.616,472.283029,431,14502
1467.616,472.279629,432,7840
1467.616,472.279629,433,8745
1467.616,472.276229,434,11137
1467.616,472.276229,435,13750
1467.616,472.276229,436,10522
1467.616,472.276229,437,7755
1467.616,472.276229,438,7601
1467.616,472.276229,439,4919
1467.616,472.279629,440,5551
1467.616,472.272829,441,3587
1467.616,472.272829,442,1776
1467.616,472.279629,443,2425
1467.616,472.279629,444,3792
1467.616,472.272829,445,1520
1467.616,472.276229,446,2425
1467.616,472.276229,447,1246
1467.616,472.269429,448,1742
1467.616,472.279629,449,990
1467.616,472.272829,451,837
1467.616,472.283029,452,922
1467.616,472.283029,453,700
1467.616,472.269429,454,580
1467.616,472.272829,456,649
1467.616,472.272829,458,871
1467.616,472.272829,460,922
1468.157,472.279629,401,1494
1468.157,472.283029,402,550
1468.157,472.272829,406,1415
1468.157,472.279629,407,1336
1468.157,472.279629,408,2595
1468.157,472.276229,410,4423
1468.157,472.279629,411,3774
1468.157,472.279629,412,5033
1468.157,472.276229,413,5504
1468.157,472.283029,414,4089
1468.157,472.279629,415,5701
1468.157,472.276229,416,12268
1468.157,472.279629,417,6251
1468.157,472.276229,418,10970
1468.157,472.279629,419,8768
1468.157,472.276229,420,12818
1468.157,472.276229,421,13624
1468.157,472.276229,422,17261
1468.157,472.276229,423,14155
1468.157,472.279629,424,12051
1468.157,472.279629,425,15846
1468.157,472.276229,426,11678
1468.157,472.276229,427,13939
1468.157,472.279629,428,16377
1468.157,472.279629,429,11127
1468.157,472.279629,430,18146
1468.157,472.279629,431,18638
1468.157,472.279629,432,11619
1468.157,472.276229,433,11619
1468.157,472.279629,434,12425
1468.157,472.279629,435,10302
1468.157,472.279629,436,11442
1468.157,472.283029,437,7726
1468.157,472.276229,438,12032
1468.157,472.276229,439,5996
1468.157,472.279629,440,3342
1468.157,472.279629,441,5681
1468.157,472.276229,442,4050
1468.157,472.276229,443,2772
1468.157,472.272829,444,2280
1468.157,472.283029,445,845
1468.157,472.283029,446,1179
1468.157,472.276229,447,2929
1468.157,472.272829,448,2221
1468.157,472.266029,449,884
1468.157,472.279629,452,530
1468.157,472.276229,453,806
1468.157,472.272829,454,412
1468.157,472.272829,460,491
1468.697,472.279629,403,1064
1468.697,472.272829,405,1418
1468.697,472.279629,406,1950
1468.697,472.283029,407,2084
1468.697,472.276229,409,3414
1468.697,472.272829,410,3879
1468.697,472.276229,411,1241
1468.697,472.283029,412,5653
1468.697,472.276229,413,5498
1468.697,472.276229,414,5941
1468.697,472.279629,415,6784
1468.697,472.279629,416,8025
1468.697,472.276229,417,8912
1468.697,472.279629,418,13102
1468.697,472.276229,419,12504
1468.697,472.276229,420,9976
1468.697,472.276229,421,12526
1468.697,472.276229,422,14432
1468.697,472.276229,423,13834
1468.697,472.276229,424,13501
1468.697,472.276229,425,13257
1468.697,472.276229,426,13058
1468.697,472.279629,427,11439
1468.697,472.279629,428,7759
1468.697,472.276229,429,19288
1468.697,472.279629,430,17780
1468.697,472.279629,431,21882
1468.697,472.279629,432,11439
1468.697,472.279629,433,8380
1468.697,472.276229,434,13967
1468.697,472.276229,435,16494
1468.697,472.276229,436,11218
1468.697,472.276229,437,6894
1468.697,472.276229,438,10131
1468.697,472.276229,439,4988
1468.697,472.279629,440,7537
1468.697,472.269429,441,3547
1468.697,472.276229,442,3835
1468.697,472.272829,443,2549
1468.697,472.283029,444,3392
1468.697,472.279629,445,2061
1468.697,472.279629,447,1640
1468.697,472.283029,449,2660
1468.697,472.276229,450,1928
1468.697,472.279629,451,2859
1468.697,472.276229,452,1152
1468.697,472.283029,456,2239
1468.697,472.279629,457,2194
1468.697,472.279629,458,509
1469.235,472.276229,407,2133
1469.235,472.276229,408,2257
1469.235,472.279629,409,1364
1469.235,472.279629,410,2853
1469.235,472.279629,411,8261
1469.235,472.276229,412,3423
1469.235,472.286429,412,3150
1469.235,472.279629,413,3299
1469.235,472.276229,414,8187
1469.235,472.276229,415,8782
1469.235,472.279629,416,5085
1469.235,472.276229,417,10196
1469.235,472.279629,418,10097
1469.235,472.279629,419,14736
1469.235,472.276229,420,17763
1469.235,472.279629,421,19698
1469.235,472.279629,422,12379
1469.235,472.279629,423,17515
1469.235,472.276229,424,11883
1469.235,472.279629,425,21832
1469.235,472.276229,426,18284
1469.235,472.276229,427,7393
1469.235,472.279629,428,10345
1469.235,472.279629,429,14910
1469.235,472.279629,430,9948
1469.235,472.276229,431,13000
1469.235,472.279629,432,13868
1469.235,472.276229,433,13248
1469.235,472.279629,434,10370
1469.235,472.283029,435,10221
1469.235,472.276229,436,13744
1469.235,472.276229,437,12925
1469.235,472.283029,438,11586
1469.235,472.276229,439,5904
1469.235,472.276229,440,6971
1469.235,472.286429,441,2406
1469.235,472.279629,442,4465
1469.235,472.283029,443,2753
1469.235,472.279629,444,1835
1469.235,472.279629,445,2803
1469.235,472.269429,446,1463
1469.235,472.272829,447,1414
1469.235,472.276229,449,2108
1469.235,472.283029,450,1587
1469.235,472.276229,451,223
1469.235,472.276229,453,1166
1469.235,472.286429,454,967
1469.235,472.279629,457,2034
1469.777,472.272829,404,240
1469.777,472.279629,405,2965
1469.777,472.272829,406,748
1469.777,472.279629,407,2832
1469.777,472.279629,409,1896
1469.777,472.279629,410,5183
1469.777,472.276229,411,2164
1469.777,472.276229,412,8389
1469.777,472.272829,413,2538
1469.777,472.279629,414,10900
1469.777,472.276229,415,11248
1469.777,472.272829,416,8683
1469.777,472.279629,417,7881
1469.777,472.276229,418,14133
1469.777,472.279629,419,19744
1469.777,472.272829,420,15389
1469.777,472.276229,421,17526
1469.777,472.276229,422,22256
1469.777,472.279629,423,17072
1469.777,472.279629,424,13358
1469.777,472.279629,425,18622
1469.777,472.276229,426,26637
1469.777,472.276229,427,14694
1469.777,472.272829,428,21267
1469.777,472.276229,429,19397
1469.777,472.279629,430,12210
1469.777,472.276229,431,16752
1469.777,472.279629,432,15817
1469.777,472.276229,433,16324
1469.777,472.279629,434,20572
1469.777,472.276229,435,21427
1469.777,472.283029,436,12343
1469.777,472.272829,437,12103
1469.777,472.279629,438,8897
1469.777,472.276229,439,6492
1469.777,472.276229,440,6064
1469.777,472.276229,441,6706
1469.777,472.276229,442,3687
1469.777,472.272829,443,3606
1469.777,472.279629,444,2484
1469.777,472.276229,445,1122
1469.777,472.279629,446,2778
1469.777,472.272829,447,2137
1469.777,472.276229,448,240
1469.777,472.279629,449,614
1469.777,472.276229,452,1923
1470.317,472.276229,401,563
1470.317,472.272829,404,704
1470.317,472.276229,405,253
1470.317,472.269429,406,1379
1470.317,472.276229,407,2055
1470.317,472.272829,408,2365
1470.317,472.276229,409,1379
1470.317,472.279629,410,3210
1470.317,472.279629,411,6336
1470.317,472.279629,412,5463
1470.317,472.272829,414,5322
1470.317,472.276229,415,3463
1470.317,472.279629,416,12222
1470.317,472.272829,417,5970
1470.317,472.279629,418,10532
1470.317,472.276229,419,11124
1470.317,472.276229,420,13067
1470.317,472.276229,421,14193
1470.317,472.279629,422,16700
1470.317,472.276229,423,18418
1470.317,472.272829,424,14081
1470.317,472.279629,425,18277
1470.317,472.276229,426,20586
1470.317,472.276229,427,10504
1470.317,472.276229,428,17685
1470.317,472.279629,429,13940
1470.317,472.276229,430,16193
1470.317,472.279629,431,13743
1470.317,472.279629,432,12475
1470.317,472.276229,433,7660
1470.317,472.279629,434,10082
1470.317,472.276229,435,7772
1470.317,472.279629,436,9237
1470.317,472.276229,437,8167
1470.317,472.279629,438,4956
1470.317,472.279629,439,5350
1470.317,472.276229,440,4393
1470.317,472.276229,441,6730
1470.317,472.276229,442,7237
1470.317,472.279629,443,4196
1470.317,472.279629,444,3801
1470.317,472.272829,446,1943
1470.317,472.269429,447,2619
1470.317,472.283029,447,1943
1470.317,472.276229,451,647
1470.317,472.272829,454,2872
1470.854,472.283029,407,1816
1470.854,472.276229,408,625
1470.854,472.283029,409,1964
1470.854,472.279629,410,2441
1470.854,472.269429,411,1071
1470.854,472.279629,411,1399
1470.854,472.283029,412,3126
1470.854,472.279629,413,5418
1470.854,472.276229,414,2471
1470.854,472.276229,415,5954
1470.854,472.276229,416,5448
1470.854,472.279629,417,9854
1470.854,472.279629,418,18636
1470.854,472.279629,419,19053
1470.854,472.276229,420,9526
1470.854,472.276229,421,9943
1470.854,472.276229,422,18517
1470.854,472.279629,423,13843
1470.854,472.276229,424,20691
1470.854,472.279629,425,19649
1470.854,472.276229,426,13099
1470.854,472.279629,427,15749
1470.854,472.279629,428,20661
1470.854,472.279629,429,19649
1470.854,472.279629,430,17267
1470.854,472.276229,431,14588
1470.854,472.276229,432,18041
1470.854,472.279629,433,10747
1470.854,472.276229,434,21197
1470.854,472.276229,435,16165
1470.854,472.279629,436,14200
1470.854,472.276229,437,11849
1470.854,472.276229,438,8425
1470.854,472.279629,439,6549
1470.854,472.276229,440,7770
1470.854,472.272829,441,2679
1470.854,472.283029,441,2649
1470.854,472.279629,442,3751
1470.854,472.276229,443,3155
1470.854,472.279629,444,4882
1470.854,472.279629,445,5626
1470.854,472.283029,446,3006
1470.854,472.269429,447,2322
1470.854,472.276229,449,1696
1470.854,472.276229,450,1280
1470.854,472.272829,451,2381
1470.854,472.283029,452,595
1470.854,472.276229,454,1786
1470.854,472.272829,456,2232
1470.854,472.279629,463,2322
1470.854,472.276229,464,1786
1471.395,472.269429,405,1989
1471.395,472.279629,406,1199
1471.395,472.279629,407,726
1471.395,472.269429,408,3473
1471.395,472.276229,410,3473
1471.395,472.286429,410,3031
1471.395,472.279629,411,2557
1471.395,472.279629,413,6978
1471.395,472.279629,414,4925
1471.395,472.279629,415,5399
1471.395,472.279629,416,3062
1471.395,472.272829,417,10704
1471.395,472.276229,418,7199
1471.395,472.276229,419,14903
1471.395,472.279629,420,15819
1471.395,472.279629,421,13135
1471.395,472.276229,422,21692
1471.395,472.279629,423,21471
1471.395,472.276229,424,11430
1471.395,472.276229,425,26492
1471.395,472.276229,426,17745
1471.395,472.279629,427,20650
1471.395,472.276229,428,12314
1471.395,472.276229,429,20429
1471.395,472.279629,430,24723
1471.395,472.276229,431,18945
1471.395,472.276229,432,19324
1471.395,472.283029,433,20145
1471.395,472.276229,434,15945
1471.395,472.276229,435,13514
1471.395,472.279629,436,8904
1471.395,472.276229,437,13451
1471.395,472.276229,438,10420
1471.395,472.279629,439,11398
1471.395,472.272829,440,4704
1471.395,472.269429,441,3094
1471.395,472.283029,441,3283
1471.395,472.279629,442,6125
1471.395,472.276229,443,5052
1471.395,472.276229,444,3852
1471.395,472.276229,445,4010
1471.395,472.276229,446,1768
1471.395,472.269429,447,1231
1471.395,472.276229,454,1168
1471.395,472.272829,455,789
1471.395,472.283029,461,978
1471.933,472.276229,404,293
1471.933,472.276229,408,325
1471.933,472.269429,409,651
1471.933,472.272829,410,2442
1471.933,472.272829,411,4037
1471.933,472.279629,412,6479
1471.933,472.272829,413,3223
1471.933,472.279629,414,10647
1471.933,472.276229,415,14588
1471.933,472.279629,416,11038
1471.933,472.279629,417,4819
1471.933,472.279629,418,13220
1471.933,472.276229,419,11201
1471.933,472.276229,420,11592
1471.933,472.276229,421,17453
1471.933,472.279629,422,17746
1471.933,472.279629,423,10094
1471.933,472.276229,424,23184
1471.933,472.276229,425,17193
1471.933,472.276229,426,17714
1471.933,472.283029,427,18072
1471.933,472.276229,428,22044
1471.933,472.276229,429,25789
1471.933,472.276229,430,23119
1471.933,472.279629,431,20091
1471.933,472.276229,432,9052
1471.933,472.276229,433,15402
1471.933,472.279629,434,12373
1471.933,472.276229,435,18300
1471.933,472.276229,436,16378
1471.933,472.276229,437,12276
1471.933,472.279629,438,8791
1471.933,472.276229,439,9117
1471.933,472.276229,440,7749
1471.933,472.276229,441,2572
1471.933,472.269429,442,2670
1471.933,472.279629,442,3028
1471.933,472.279629,443,3679
1471.933,472.272829,444,1595
1471.933,472.272829,445,3549
1471.933,472.276229,447,1497
1471.933,472.283029,448,1986
1471.933,472.276229,449,2181
1471.933,472.276229,452,3028
1471.933,472.276229,454,1302
1471.933,472.276229,456,1465
1471.933,472.272829,460,1725
1472.474,472.272829,408,1465
1472.474,472.279629,409,3158
1472.474,472.276229,410,1367
1472.474,472.276229,411,1172
1472.474,472.276229,412,3321
1472.474,472.283029,414,4363
1472.474,472.279629,415,7391
1472.474,472.276229,416,5014
1472.474,472.279629,417,6154
1472.474,472.279629,418,9280
1472.474,472.276229,419,11787
1472.474,472.276229,420,15825
1472.474,472.279629,421,14099
1472.474,472.276229,422,13676
1472.474,472.276229,423,18300
1472.474,472.279629,424,12992
1472.474,472.276229,425,24617
1472.474,472.276229,426,25854
1472.474,472.272829,427,18300
1472.474,472.276229,428,14783
1472.474,472.276229,429,15564
1472.474,472.279629,430,19960
1472.474,472.276229,431,25919
1472.474,472.283029,432,15792
1472.474,472.279629,433,12015
1472.474,472.279629,434,10810
1472.474,472.276229,435,16997
1472.474,472.279629,436,11331
1472.474,472.279629,437,11559
1472.474,472.276229,438,10452
1472.474,472.279629,439,10647
1472.474,472.272829,440,1660
1472.474,472.279629,441,2995
1472.474,472.279629,442,4168
1472.474,472.279629,443,4819
1472.474,472.272829,444,1725
1472.474,472.283029,444,1758
1472.474,472.276229,446,3940
1472.474,472.272829,449,683
1472.474,472.279629,451,2311
1472.474,472.276229,456,2767
1472.474,472.279629,461,2116
1473.013,472.279629,402,1445
1473.013,472.283029,405,1579
1473.013,472.272829,407,840
1473.013,472.279629,408,1815
1473.013,472.276229,412,5915
1473.013,472.279629,413,8067
1473.013,472.279629,414,4470
1473.013,472.276229,415,5949
1473.013,472.279629,416,8941
1473.013,472.283029,417,6655
1473.013,472.279629,418,14285
1473.013,472.276229,419,13008
1473.013,472.279629,420,12739
1473.013,472.279629,421,8739
1473.013,472.279629,422,8134
1473.013,472.279629,423,20234
1473.013,472.279629,424,21344
1473.013,472.276229,425,21781
1473.013,472.279629,426,16739
1473.013,472.276229,427,15798
1473.013,472.279629,428,26386
1473.013,472.276229,429,13075
1473.013,472.276229,430,12503
1473.013,472.276229,431,17176
1473.013,472.276229,432,19058
1473.013,472.279629,433,12705
1473.013,472.276229,434,12840
1473.013,472.283029,435,5983
1473.013,472.279629,436,9142
1473.013,472.279629,437,9445
1473.013,472.276229,438,11898
1473.013,472.276229,439,5142
1473.013,472.276229,440,7764
1473.013,472.279629,441,4705
1473.013,472.276229,442,2151
1473.013,472.276229,443,5915
1473.013,472.279629,444,2050
1473.013,472.283029,446,1882
1473.013,472.283029,447,3596
1473.013,472.286429,450,1882
1473.552,472.279629,409,941
1473.552,472.279629,412,4504
1473.552,472.276229,413,3394
1473.552,472.279629,414,11293
1473.552,472.276229,415,4403
1473.552,472.276229,416,6520
1473.552,472.272829,417,5915
1473.552,472.276229,418,10588
1473.552,472.283029,419,6823
1473.552,472.279629,420,8873
1473.552,472.279629,421,10957
1473.552,472.276229,422,18184
1473.552,472.276229,423,12503
1473.552,472.283029,424,13982
1473.552,472.279629,425,19495
1473.552,472.276229,426,9142
1473.552,472.279629,427,20503
1473.552,472.276229,428,11293
1473.552,472.276229,429,12638
1473.552,472.276229,430,20302
1473.552,472.279629,431,18621
1473.552,472.276229,432,15293
1473.552,472.279629,433,13142
1473.552,472.276229,434,20604
1473.552,472.272829,435,10924
1473.552,472.279629,436,8739
1473.552,472.276229,437,5714
1473.552,472.276229,438,5714
1473.552,472.276229,439,4235
1473.552,472.276229,440,6117
1473.552,472.272829,441,6420
1473.552,472.272829,442,2285
1473.552,472.272829,443,1512
1473.552,472.276229,445,2520
1473.552,472.279629,446,3159
1473.552,472.279629,448,672
1473.552,472.279629,449,1579
1473.552,472.276229,467,1613
1474.097,472.279629,403,1986
1474.097,472.279629,404,2409
1474.097,472.283029,407,1790
1474.097,472.269429,410,2116
1474.097,472.283029,410,1888
1474.097,472.279629,411,2246
1474.097,472.279629,412,2865
1474.097,472.283029,413,4265
1474.097,472.283029,414,3679
1474.097,472.279629,415,7066
1474.097,472.279629,416,15923
1474.097,472.276229,417,11071
1474.097,472.279629,418,10778
1474.097,472.276229,419,15011
1474.097,472.279629,420,12894
1474.097,472.276229,421,10387
1474.097,472.276229,422,18918
1474.097,472.279629,423,19732
1474.097,472.279629,424,13643
1474.097,472.276229,425,17258
1474.097,472.276229,426,18853
1474.097,472.279629,427,16476
1474.097,472.283029,428,10713
1474.097,472.276229,429,14588
1474.097,472.279629,430,18560
1474.097,472.279629,431,7684
1474.097,472.279629,432,14197
1474.097,472.279629,433,18300
1474.097,472.276229,434,12048
1474.097,472.276229,435,4949
1474.097,472.276229,436,11592
1474.097,472.279629,437,12080
1474.097,472.276229,438,8694
1474.097,472.279629,439,8694
1474.097,472.276229,440,5568
1474.097,472.279629,441,3516
1474.097,472.276229,442,4656
1474.097,472.276229,443,5014
1474.097,472.279629,445,4982
1474.097,472.272829,446,1530
1474.097,472.276229,447,2995
1474.097,472.272829,450,2181
1474.097,472.276229,451,683
1474.097,472.276229,455,1628
1474.097,472.276229,457,1628
1474.097,472.276229,461,748
1474.636,472.279629,408,1563
1474.636,472.276229,409,1758
1474.636,472.279629,410,3581
1474.636,472.279629,411,944
1474.636,472.276229,412,3777
1474.636,472.279629,413,3353
1474.636,472.279629,414,6870
1474.636,472.276229,415,5144
1474.636,472.276229,416,8010
1474.636,472.279629,417,7359
1474.636,472.283029,418,4070
1474.636,472.272829,419,8694
1474.636,472.279629,420,10061
1474.636,472.279629,421,14685
1474.636,472.276229,422,13676
1474.636,472.279629,423,7619
1474.636,472.279629,424,12764
1474.636,472.279629,425,9508
1474.636,472.283029,426,9247
1474.636,472.283029,427,10029
1474.636,472.279629,428,14099
1474.636,472.279629,429,13643
1474.636,472.276229,430,16509
1474.636,472.276229,431,7815
1474.636,472.279629,432,7196
1474.636,472.283029,433,10192
1474.636,472.272829,434,7294
1474.636,472.279629,435,8694
1474.636,472.276229,436,8726
1474.636,472.279629,437,10029
1474.636,472.279629,438,6740
1474.636,472.276229,439,2767
1474.636,472.279629,440,4461
1474.636,472.276229,442,5144
1474.636,472.279629,443,293
1474.636,472.276229,444,2474
1474.636,472.279629,445,1888
1474.636,472.272829,446,3321
1474.636,472.279629,453,846
1474.636,472.279629,456,1335
1475.175,472.283029,402,223
1475.175,472.279629,407,818
1475.175,472.276229,408,1079
1475.175,472.279629,409,1209
1475.175,472.279629,410,2363
1475.175,472.272829,411,2716
1475.175,472.276229,412,2158
1475.175,472.276229,413,2735
1475.175,472.283029,414,3609
1475.175,472.276229,415,7163
1475.175,472.276229,416,3888
1475.175,472.279629,417,9768
1475.175,472.279629,418,7926
1475.175,472.276229,419,7833
1475.175,472.276229,420,8391
1475.175,472.276229,421,9024
1475.175,472.272829,422,12429
1475.175,472.279629,423,8596
1475.175,472.276229,424,10066
1475.175,472.276229,425,11350
1475.175,472.272829,426,14904
1475.175,472.279629,427,12522
1475.175,472.276229,428,10159
1475.175,472.276229,429,9526
1475.175,472.269429,430,7535
1475.175,472.279629,431,7703
1475.175,472.279629,432,12783
1475.175,472.279629,433,6624
1475.175,472.276229,434,7480
1475.175,472.276229,435,9191
1475.175,472.279629,436,6828
1475.175,472.272829,437,4316
1475.175,472.272829,438,3293
1475.175,472.276229,439,3181
1475.175,472.272829,440,4428
1475.175,472.276229,441,5898
1475.175,472.276229,442,1451
1475.175,472.279629,443,1135
1475.175,472.276229,444,2772
1475.175,472.272829,445,241
1475.175,472.276229,446,1656
1475.175,472.279629,447,1097
1475.175,472.276229,448,1544
1475.175,472.279629,449,1581
1475.175,472.269429,450,446
1475.175,472.279629,451,1544
1475.175,472.279629,452,1004
1475.175,472.279629,453,1376
1475.175,472.272829,455,1097
1475.175,472.279629,456,1190
1475.175,472.269429,459,744
1475.175,472.276229,460,390
1475.175,472.279629,462,818
1475.175,472.272829,463,1414
1475.715,472.276229,402,489
1475.715,472.279629,405,805
1475.715,472.276229,407,710
1475.715,472.286429,408,1089
1475.715,472.276229,409,1484
1475.715,472.279629,410,1515
1475.715,472.279629,411,2178
1475.715,472.276229,412,1657
1475.715,472.279629,413,2415
1475.715,472.276229,414,2526
1475.715,472.276229,415,4704
1475.715,472.276229,416,2857
1475.715,472.269429,417,3047
1475.715,472.279629,418,7278
1475.715,472.279629,419,9788
1475.715,472.276229,420,7009
1475.715,472.279629,421,5178
1475.715,472.276229,422,7751
1475.715,472.276229,423,8730
1475.715,472.276229,424,11272
1475.715,472.279629,425,10435
1475.715,472.276229,426,7420
1475.715,472.279629,427,10609
1475.715,472.276229,428,11967
1475.715,472.276229,429,9346
1475.715,472.276229,430,7641
1475.715,472.276229,431,6520
1475.715,472.279629,432,5873
1475.715,472.276229,433,3883
1475.715,472.276229,434,10277
1475.715,472.272829,435,7215
1475.715,472.276229,436,8114
1475.715,472.279629,437,6094
1475.715,472.276229,438,2778
1475.715,472.276229,439,3631
1475.715,472.269429,440,2257
1475.715,472.279629,441,3220
1475.715,472.279629,442,2289
1475.715,472.276229,443,1341
1475.715,472.279629,444,1799
1475.715,472.286429,445,2289
1475.715,472.276229,446,2052
1475.715,472.276229,447,1484
1475.715,472.283029,449,994
1475.715,472.283029,450,1026
1475.715,472.272829,451,647
1475.715,472.276229,456,710
1475.715,472.269429,457,773
1475.715,472.286429,457,315
1475.715,472.276229,458,678
1475.715,472.272829,459,584
1475.715,472.279629,463,173
1476.253,472.269429,405,866
1476.253,472.279629,407,1343
1476.253,472.279629,408,1267
1476.253,472.272829,409,1343
1476.253,472.276229,410,1330
1476.253,472.276229,411,1368
1476.253,472.276229,412,891
1476.253,472.276229,413,1858
1476.253,472.276229,414,1054
1476.253,472.279629,415,3766
1476.253,472.279629,416,4331
1476.253,472.276229,417,3916
1476.253,472.279629,418,6641
1476.253,472.279629,419,4971
1476.253,472.276229,420,4820
1476.253,472.276229,421,6578
1476.253,472.279629,422,9302
1476.253,472.279629,423,5272
1476.253,472.279629,424,6038
1476.253,472.276229,425,8913
1476.253,472.276229,426,7519
1476.253,472.279629,427,7494
1476.253,472.276229,428,7281
1476.253,472.276229,429,7294
1476.253,472.279629,430,5687
1476.253,472.276229,431,6666
1476.253,472.283029,432,5787
1476.253,472.276229,433,8524
1476.253,472.276229,434,7356
1476.253,472.279629,435,6653
1476.253,472.276229,436,4908
1476.253,472.276229,437,6088
1476.253,472.279629,438,3364
1476.253,472.276229,439,3565
1476.253,472.279629,440,3226
1476.253,472.279629,441,3577
1476.253,472.279629,442,916
1476.253,472.279629,443,1305
1476.253,472.276229,444,828
1476.253,472.279629,445,1205
1476.253,472.276229,446,602
1476.253,472.279629,447,276
1476.253,472.286429,448,853
1476.253,472.276229,450,313
1476.253,472.276229,451,552
1476.253,472.286429,453,527
1476.253,472.279629,456,477
1476.253,472.276229,457,1431
1476.253,472.279629,461,238
1476.253,472.283029,467,539
1476.793,472.276229,401,468
1476.793,472.283029,404,375
1476.793,472.283029,405,604
1476.793,472.276229,407,541
1476.793,472.283029,408,646
1476.793,472.279629,410,896
1476.793,472.276229,411,1167
1476.793,472.276229,412,3126
1476.793,472.276229,413,1260
1476.793,472.279629,414,2156
1476.793,472.279629,415,1979
1476.793,472.276229,416,1250
1476.793,472.286429,416,1417
1476.793,472.276229,417,4741
1476.793,472.279629,418,4949
1476.793,472.276229,419,2969
1476.793,472.286429,420,4626
1476.793,472.279629,421,4543
1476.793,472.279629,422,2792
1476.793,472.283029,423,6418
1476.793,472.276229,424,4709
1476.793,472.279629,425,4418
1476.793,472.276229,426,6845
1476.793,472.279629,427,3553
1476.793,472.279629,428,6210
1476.793,472.276229,429,8648
1476.793,472.279629,430,5574
1476.793,472.276229,431,5762
1476.793,472.279629,432,5355
1476.793,472.279629,433,6460
1476.793,472.279629,434,7533
1476.793,472.279629,435,4543
1476.793,472.276229,436,3303
1476.793,472.279629,437,3792
1476.793,472.276229,438,1927
1476.793,472.283029,439,2407
1476.793,472.279629,440,3824
1476.793,472.279629,441,3021
1476.793,472.279629,442,1292
1476.793,472.279629,443,979
1476.793,472.276229,444,666
1476.793,472.286429,444,656
1476.793,472.272829,445,208
1476.793,472.286429,445,437
1476.793,472.279629,446,489
1476.793,472.279629,447,573
1476.793,472.269429,448,427
1476.793,472.286429,448,395
1476.793,472.283029,449,666
1476.793,472.286429,451,625
1476.793,472.279629,453,281
1476.793,472.276229,454,468
1476.793,472.269429,455,395
1476.793,472.272829,461,729
1476.793,472.276229,462,448
1476.793,472.276229,466,406
1476.793,472.272829,467,604
1477.333,472.279629,401,436
1477.333,472.276229,403,394
1477.333,472.279629,404,84
1477.333,472.276229,405,495
1477.333,472.279629,406,352
1477.333,472.276229,407,193
1477.333,472.283029,408,563
1477.333,472.279629,409,1857
1477.333,472.283029,411,1058
1477.333,472.276229,412,1504
1477.333,472.279629,413,2252
1477.333,472.276229,414,2260
1477.333,472.276229,415,2882
1477.333,472.276229,416,2235
1477.333,472.276229,417,1453
1477.333,472.279629,418,2562
1477.333,472.276229,419,3941
1477.333,472.279629,420,4613
1477.333,472.279629,421,4420
1477.333,472.276229,422,4714
1477.333,472.276229,423,2991
1477.333,472.276229,424,5571
1477.333,472.276229,425,4857
1477.333,472.276229,426,1924
1477.333,472.276229,427,4487
1477.333,472.276229,428,3218
1477.333,472.279629,429,4562
1477.333,472.279629,430,7411
1477.333,472.279629,431,3697
1477.333,472.276229,432,4554
1477.333,472.279629,433,2470
1477.333,472.276229,434,4016
1477.333,472.279629,435,3058
1477.333,472.279629,437,2638
1477.333,472.283029,438,4058
1477.333,472.276229,439,2554
1477.333,472.269429,440,999
1477.333,472.283029,440,747
1477.333,472.279629,441,1890
1477.333,472.276229,442,1378
1477.333,472.276229,443,1394
1477.333,472.276229,444,495
1477.333,472.279629,445,336
1477.333,472.279629,446,92
1477.333,472.279629,447,789
1477.333,472.276229,448,1605
1477.333,472.276229,449,260
1477.333,472.279629,451,226
1477.333,472.276229,452,840
1477.333,472.276229,453,327
1477.333,472.279629,455,184
1477.333,472.279629,456,663
1477.333,472.279629,458,445
1477.333,472.279629,460,487
1477.333,472.279629,462,487
1477.333,472.24563,483,344
1477.333,472.24563,488,420
1477.879,472.279629,401,300
1477.879,472.272829,403,294
1477.879,472.276229,407,338
1477.879,472.283029,408,620
1477.879,472.276229,409,613
1477.879,472.283029,410,524
1477.879,472.279629,412,843
1477.879,472.283029,413,1547
1477.879,472.279629,414,1195
1477.879,472.276229,415,2026
1477.879,472.279629,416,2659
1477.879,472.279629,417,1994
1477.879,472.276229,418,2991
1477.879,472.276229,419,3477
1477.879,472.283029,420,2141
1477.879,472.276229,421,3739
1477.879,472.276229,422,3196
1477.879,472.279629,423,3797
1477.879,472.279629,424,2691
1477.879,472.279629,425,5382
1477.879,472.272829,426,2294
1477.879,472.279629,427,3004
1477.879,472.276229,428,4052
1477.879,472.272829,429,3170
1477.879,472.279629,430,4123
1477.879,472.279629,431,5197
1477.879,472.276229,432,3177
1477.879,472.279629,433,3164
1477.879,472.279629,434,4775
1477.879,472.279629,435,3311
1477.879,472.276229,436,3375
1477.879,472.276229,437,1176
1477.879,472.279629,438,3196
1477.879,472.276229,439,2128
1477.879,472.272829,440,1016
1477.879,472.276229,441,1252
1477.879,472.272829,442,1252
1477.879,472.276229,443,754
1477.879,472.279629,444,543
1477.879,472.279629,445,1246
1477.879,472.279629,446,831
1477.879,472.279629,448,460
1477.879,472.283029,449,326
1477.879,472.272829,451,632
1477.879,472.269429,453,287
1477.879,472.279629,457,338
1477.879,472.283029,458,127
1477.879,472.279629,460,57
1477.879,472.272829,462,364
1477.879,472.276229,463,345
1477.879,472.276229,464,140
1477.879,472.23543,478,434
1477.879,472.249029,489,159
1477.879,472.24223,493,326
1477.879,472.249029,495,210
1477.879,472.249029,501,281
1477.879,472.23543,513,351
1477.879,472.24563,513,294
1477.879,472.24563,520,332
1478.417,472.279629,401,302
1478.417,472.279629,402,169
1478.417,472.279629,403,440
1478.417,472.272829,404,206
1478.417,472.266029,405,330
1478.417,472.279629,408,596
1478.417,472.276229,409,504
1478.417,472.276229,410,720
1478.417,472.279629,411,996
1478.417,472.283029,412,642
1478.417,472.276229,413,991
1478.417,472.279629,414,1092
1478.417,472.279629,415,1427
1478.417,472.279629,416,2276
1478.417,472.276229,417,1698
1478.417,472.276229,418,1748
1478.417,472.276229,419,2019
1478.417,472.279629,420,3736
1478.417,472.276229,421,3061
1478.417,472.279629,422,2547
1478.417,472.279629,423,1670
1478.417,472.276229,424,3245
1478.417,472.276229,425,3571
1478.417,472.276229,426,2460
1478.417,472.279629,427,2823
1478.417,472.276229,428,2763
1478.417,472.276229,429,2575
1478.417,472.276229,430,2547
1478.417,472.279629,431,2125
1478.417,472.276229,432,2992
1478.417,472.276229,433,3089
1478.417,472.276229,434,3318
1478.417,472.279629,435,1216
1478.417,472.279629,436,1937
1478.417,472.276229,437,1849
1478.417,472.276229,438,2028
1478.417,472.272829,439,1455
1478.417,472.276229,440,1597
1478.417,472.279629,441,1303
1478.417,472.269429,442,757
1478.417,472.283029,442,798
1478.417,472.276229,443,734
1478.417,472.276229,444,1712
1478.417,472.276229,445,674
1478.417,472.276229,446,739
1478.417,472.276229,447,670
1478.417,472.279629,448,812
1478.417,472.276229,449,192
1478.417,472.269429,450,96
1478.417,472.283029,450,514
1478.417,472.269429,451,105
1478.417,472.279629,452,477
1478.417,472.272829,454,720
1478.417,472.283029,455,105
1478.417,472.276229,458,247
1478.417,472.24563,483,96
1478.417,472.24563,486,252
1478.417,472.23883,492,179
1478.417,472.249029,497,234
1478.417,472.24563,502,224
1478.417,472.24223,503,169
1478.958,472.283029,405,238
1478.958,472.283029,406,165
1478.958,472.272829,407,243
1478.958,472.272829,409,734
1478.958,472.279629,410,169
1478.958,472.272829,412,335
1478.958,472.272829,413,624
1478.958,472.276229,414,468
1478.958,472.276229,415,1110
1478.958,472.272829,416,1032
1478.958,472.279629,417,1308
1478.958,472.272829,418,2409
1478.958,472.272829,419,1175
1478.958,472.276229,420,3034
1478.958,472.279629,421,2777
1478.958,472.279629,422,2084
1478.958,472.276229,423,2487
1478.958,472.279629,424,3020
1478.958,472.276229,425,1877
1478.958,472.279629,426,3020
1478.958,472.272829,427,1624
1478.958,472.279629,428,3034
1478.958,472.276229,429,3277
1478.958,472.279629,430,2878
1478.958,472.276229,431,1721
1478.958,472.279629,432,2166
1478.958,472.276229,433,2235
1478.958,472.276229,434,1340
1478.958,472.279629,435,2409
1478.958,472.279629,436,2267
1478.958,472.276229,437,2065
1478.958,472.272829,438,1097
1478.958,472.279629,439,1634
1478.958,472.279629,440,1693
1478.958,472.276229,441,638
1478.958,472.279629,442,601
1478.958,472.276229,443,885
1478.958,472.279629,444,289
1478.958,472.276229,445,390
1478.958,472.276229,446,275
1478.958,472.279629,448,651
1478.958,472.272829,449,91
1478.958,472.276229,450,174
1478.958,472.279629,451,321
1478.958,472.272829,452,270
1478.958,472.283029,454,243
1478.958,472.279629,458,206
1478.958,472.272829,460,183
1478.958,472.269429,464,206
1478.958,472.24563,481,151
1478.958,472.249029,482,238
1478.958,472.24223,488,312
1478.958,472.23883,495,316
1478.958,472.23883,496,55
1479.499,472.283029,405,179
1479.499,472.279629,406,149
1479.499,472.276229,408,209
1479.499,472.279629,409,302
1479.499,472.276229,410,489
1479.499,472.279629,411,261
1479.499,472.279629,412,541
1479.499,472.279629,413,788
1479.499,472.279629,414,941
1479.499,472.266029,415,205
1479.499,472.279629,415,425
1479.499,472.283029,416,1195
1479.499,472.276229,417,1318
1479.499,472.279629,418,971
1479.499,472.276229,419,1101
1479.499,472.276229,420,1882
1479.499,472.279629,421,2524
1479.499,472.276229,422,1957
1479.499,472.283029,423,1288
1479.499,472.276229,424,1422
1479.499,472.279629,425,2293
1479.499,472.279629,426,2031
1479.499,472.276229,427,1983
1479.499,472.279629,428,1856
1479.499,472.279629,429,2199
1479.499,472.276229,430,1863
1479.499,472.276229,431,2274
1479.499,472.276229,432,2711
1479.499,472.279629,433,1464
1479.499,472.276229,434,1617
1479.499,472.276229,435,2128
1479.499,472.283029,436,967
1479.499,472.276229,437,1658
1479.499,472.279629,438,1210
1479.499,472.276229,439,1202
1479.499,472.276229,440,702
1479.499,472.279629,441,418
1479.499,472.276229,442,971
1479.499,472.279629,444,324
1479.499,472.283029,445,309
1479.499,472.272829,446,418
1479.499,472.279629,447,153
1479.499,472.279629,450,429
1479.499,472.283029,453,145
1479.499,472.279629,454,224
1479.499,472.279629,459,209
1479.499,472.24223,480,74
1479.499,472.23883,485,108
1479.499,472.24563,487,253
1479.499,472.23883,493,149
1479.499,472.23883,494,414
1479.499,472.23543,496,156
1479.499,472.24563,497,179
1479.499,472.249029,502,37
1480.041,472.279629,402,427
1480.041,472.276229,403,80
1480.041,472.272829,406,25
1480.041,472.283029,408,192
1480.041,472.276229,409,321
1480.041,472.283029,410,364
1480.041,472.279629,411,212
1480.041,472.276229,412,307
1480.041,472.272829,413,588
1480.041,472.279629,414,703
1480.041,472.276229,415,519
1480.041,472.276229,416,757
1480.041,472.283029,417,1176
1480.041,472.279629,418,1168
1480.041,472.279629,419,1133
1480.041,472.276229,420,1062
1480.041,472.276229,421,1202
1480.041,472.276229,422,1940
1480.041,472.276229,423,1314
1480.041,472.279629,424,1486
1480.041,472.276229,425,1458
1480.041,472.279629,426,2132
1480.041,472.276229,427,2124
1480.041,472.279629,428,2411
1480.041,472.279629,429,1380
1480.041,472.276229,430,1819
1480.041,472.283029,431,1099
1480.041,472.276229,432,1113
1480.041,472.276229,433,1524
1480.041,472.276229,434,1670
1480.041,472.279629,435,720
1480.041,472.279629,436,1254
1480.041,472.279629,437,826
1480.041,472.279629,438,1133
1480.041,472.276229,439,886
1480.041,472.279629,440,749
1480.041,472.279629,441,1030
1480.041,472.276229,442,645
1480.041,472.276229,443,565
1480.041,472.276229,444,221
1480.041,472.279629,445,390
1480.041,472.272829,446,223
1480.041,472.279629,447,381
1480.041,472.279629,448,264
1480.041,472.276229,450,60
1480.041,472.272829,452,120
1480.041,472.276229,453,140
1480.041,472.276229,454,189
1480.041,472.276229,456,198
1480.041,472.266029,457,134
1480.041,472.279629,458,155
1480.041,472.286429,458,157
1480.041,472.283029,459,152
1480.041,472.272829,464,74
1480.041,472.24563,472,109
1480.041,472.249029,475,54
1480.041,472.252429,486,120
1480.041,472.24563,487,238
1480.041,472.249029,488,97
1480.041,472.252429,489,111
1480.041,472.252429,491,137
1480.041,472.24223,493,186
1480.041,472.252429,493,200
1480.041,472.249029,498,143
1480.041,472.24563,499,152
1480.041,472.252429,500,163
1480.041,472.24563,502,160
1480.041,472.24563,518,129
1480.584,472.272829,401,76
1480.584,472.283029,401,63
1480.584,472.283029,402,205
1480.584,472.283029,403,96
1480.584,472.279629,405,124
1480.584,472.286429,409,146
1480.584,472.272829,410,269
1480.584,472.286429,411,102
1480.584,472.272829,412,323
1480.584,472.283029,413,216
1480.584,472.279629,414,186
1480.584,472.276229,415,652
1480.584,472.276229,416,556
1480.584,472.276229,417,525
1480.584,472.279629,418,512
1480.584,472.276229,419,1140
1480.584,472.276229,420,936
1480.584,472.279629,421,844
1480.584,472.276229,422,1055
1480.584,472.279629,423,1403
1480.584,472.276229,424,1258
1480.584,472.283029,425,1300
1480.584,472.279629,426,888
1480.584,472.276229,427,1260
1480.584,472.276229,428,961
1480.584,472.276229,429,1381
1480.584,472.279629,430,1039
1480.584,472.279629,431,1087
1480.584,472.279629,432,1199
1480.584,472.276229,433,788
1480.584,472.286429,434,1190
1480.584,472.279629,435,1083
1480.584,472.276229,436,945
1480.584,472.279629,437,656
1480.584,472.276229,438,735
1480.584,472.283029,439,470
1480.584,472.279629,440,260
1480.584,472.276229,441,510
1480.584,472.266029,442,111
1480.584,472.279629,442,177
1480.584,472.279629,443,291
1480.584,472.279629,444,470
1480.584,472.276229,445,238
1480.584,472.276229,446,56
1480.584,472.276229,447,201
1480.584,472.283029,448,181
1480.584,472.283029,449,124
1480.584,472.279629,450,146
1480.584,472.266029,451,118
1480.584,472.279629,453,30
1480.584,472.279629,454,135
1480.584,472.276229,455,98
1480.584,472.283029,456,216
1480.584,472.272829,459,140
1480.584,472.283029,461,107
1480.584,472.276229,465,41
1480.584,472.24223,482,284
1480.584,472.23543,483,190
1480.584,472.24223,484,190
1480.584,472.24563,485,273
1480.584,472.23883,487,183
1480.584,472.24563,488,225
1480.584,472.23883,490,146
1480.584,472.24223,491,210
1480.584,472.23883,493,159
1480.584,472.23883,494,98
1480.584,472.24223,496,142
1480.584,472.24223,497,107
1480.584,472.24563,498,275
1480.584,472.24563,499,100
1480.584,472.23883,501,168
1480.584,472.24223,503,245
1480.584,472.24563,504,54
1480.584,472.23883,506,91
1480.584,472.23543,509,39
1480.584,472.24563,510,83
1480.584,472.252429,511,89
1480.584,472.24563,529,177
1481.124,472.276229,401,138
1481.124,472.272829,402,33
1481.124,472.272829,403,75
1481.124,472.272829,404,74
1481.124,472.276229,406,87
1481.124,472.283029,407,146
1481.124,472.276229,408,82
1481.124,472.279629,409,151
1481.124,472.279629,410,154
1481.124,472.276229,411,95
1481.124,472.276229,412,153
1481.124,472.276229,413,306
1481.124,472.276229,414,213
1481.124,472.279629,415,318
1481.124,472.276229,416,276
1481.124,472.279629,417,407
1481.124,472.283029,418,434
1481.124,472.276229,419,860
1481.124,472.276229,420,568
1481.124,472.279629,421,707
1481.124,472.276229,422,786
1481.124,472.279629,423,407
1481.124,472.276229,424,713
1481.124,472.276229,425,676
1481.124,472.276229,426,1233
1481.124,472.283029,427,701
1481.124,472.279629,428,720
1481.124,472.276229,429,1316
1481.124,472.276229,430,752
1481.124,472.279629,431,769
1481.124,472.276229,432,919
1481.124,472.276229,433,735
1481.124,472.279629,434,641
1481.124,472.276229,435,1008
1481.124,472.272829,436,870
1481.124,472.276229,437,484
1481.124,472.276229,438,611
1481.124,472.279629,439,217
1481.124,472.279629,440,259
1481.124,472.272829,441,355
1481.124,472.279629,442,343
1481.124,472.279629,443,158
1481.124,472.279629,444,265
1481.124,472.279629,445,124
1481.124,472.272829,447,311
1481.124,472.276229,449,112
1481.124,472.279629,451,82
1481.124,472.283029,452,114
1481.124,472.286429,454,127
1481.124,472.272829,456,50
1481.124,472.269429,457,16
1481.124,472.24223,475,70
1481.124,472.23883,478,74
1481.124,472.249029,479,57
1481.124,472.24223,480,126
1481.124,472.24563,484,99
1481.124,472.24563,486,193
1481.124,472.24223,488,173
1481.124,472.24563,490,178
1481.124,472.24223,491,269
1481.124,472.249029,492,212
1481.124,472.24223,494,153
1481.124,472.24223,495,139
1481.124,472.24223,496,75
1481.124,472.24223,497,170
1481.124,472.24223,498,227
1481.124,472.24563,499,94
1481.124,472.24563,505,183
1481.124,472.23883,507,170
1481.124,472.249029,510,109
1481.124,472.23883,520,65
1481.124,472.249029,520,65
1481.665,472.283029,401,54
1481.665,472.272829,402,142
1481.665,472.283029,403,66
1481.665,472.279629,405,119
1481.665,472.276229,406,110
1481.665,472.279629,408,143
1481.665,472.279629,409,38
1481.665,472.269429,411,70
1481.665,472.276229,412,152
1481.665,472.272829,415,122
1481.665,472.279629,416,270
1481.665,472.279629,417,335
1481.665,472.279629,418,677
1481.665,472.279629,419,389
1481.665,472.269429,420,221
1481.665,472.276229,421,777
1481.665,472.276229,422,615
1481.665,472.276229,423,642
1481.665,472.272829,424,742
1481.665,472.272829,425,622
1481.665,472.276229,426,977
1481.665,472.276229,427,1001
1481.665,472.279629,428,568
1481.665,472.279629,429,1027
1481.665,472.276229,430,784
1481.665,472.279629,431,864
1481.665,472.272829,432,645
1481.665,472.276229,433,568
1481.665,472.279629,434,552
1481.665,472.276229,435,536
1481.665,472.279629,436,368
1481.665,472.276229,437,477
1481.665,472.283029,438,326
1481.665,472.279629,439,370
1481.665,472.276229,440,429
1481.665,472.276229,441,314
1481.665,472.276229,442,259
1481.665,472.279629,443,159
1481.665,472.272829,444,321
1481.665,472.276229,445,115
1481.665,472.276229,446,250
1481.665,472.276229,447,294
1481.665,472.276229,448,84
1481.665,472.286429,448,68
1481.665,472.272829,449,133
1481.665,472.272829,450,192
1481.665,472.276229,451,38
1481.665,472.279629,452,122
1481.665,472.279629,453,185
1481.665,472.272829,454,156
1481.665,472.283029,454,96
1481.665,472.283029,455,70
1481.665,472.279629,457,198
1481.665,472.24223,470,57
1481.665,472.23543,474,19
1481.665,472.23883,477,17
1481.665,472.24563,477,15
1481.665,472.23543,480,68
1481.665,472.249029,480,59
1481.665,472.24563,481,273
1481.665,472.24563,482,66
1481.665,472.249029,483,187
1481.665,472.23883,484,64
1481.665,472.249029,484,63
1481.665,472.23883,487,80
1481.665,472.249029,487,15
1481.665,472.249029,490,196
1481.665,472.23883,492,75
1481.665,472.23543,493,133
1481.665,472.23543,497,40
1481.665,472.249029,499,110
1481.665,472.24563,500,196
1481.665,472.23543,501,107
1481.665,472.24563,502,124
1481.665,472.24223,504,80
1481.665,472.252429,504,98
1481.665,472.24563,506,226
1481.665,472.24563,511,59
1482.211,472.279629,401,34
1482.211,472.279629,402,118
1482.211,472.279629,403,183
1482.211,472.272829,405,124
1482.211,472.279629,406,34
1482.211,472.279629,407,120
1482.211,472.276229,409,64
1482.211,472.279629,410,21
1482.211,472.283029,411,44
1482.211,472.279629,412,17
1482.211,472.279629,413,80
1482.211,472.283029,414,230
1482.211,472.283029,415,106
1482.211,472.272829,416,169
1482.211,472.272829,417,136
1482.211,472.283029,418,376
1482.211,472.276229,419,269
1482.211,472.279629,420,764
1482.211,472.279629,421,385
1482.211,472.276229,422,563
1482.211,472.279629,423,678
1482.211,472.276229,424,538
1482.211,472.279629,425,784
1482.211,472.276229,426,1106
1482.211,472.283029,427,959
1482.211,472.279629,428,961
1482.211,472.279629,429,874
1482.211,472.272829,430,556
1482.211,472.279629,431,593
1482.211,472.279629,432,872
1482.211,472.276229,433,476
1482.211,472.279629,434,615
1482.211,472.276229,435,453
1482.211,472.283029,436,275
1482.211,472.272829,437,359
1482.211,472.279629,438,439
1482.211,472.272829,439,482
1482.211,472.283029,440,235
1482.211,472.279629,441,421
1482.211,472.276229,442,259
1482.211,472.276229,443,237
1482.211,472.279629,444,127
1482.211,472.276229,445,511
1482.211,472.283029,446,196
1482.211,472.279629,447,235
1482.211,472.272829,449,93
1482.211,472.272829,450,102
1482.211,472.283029,452,151
1482.211,472.276229,461,93
1482.211,472.23883,476,95
1482.211,472.249029,476,57
1482.211,472.24563,477,356
1482.211,472.252429,480,75
1482.211,472.23883,481,59
1482.211,472.24563,482,107
1482.211,472.24223,484,262
1482.211,472.249029,487,307
1482.211,472.24223,488,145
1482.211,472.24563,489,226
1482.211,472.249029,491,197
1482.211,472.23883,492,70
1482.211,472.252429,492,161
1482.211,472.249029,493,57
1482.211,472.24223,495,75
1482.211,472.24563,497,97
1482.211,472.23883,500,84
1482.211,472.23883,502,118
1482.211,472.24223,503,88
1482.211,472.24223,504,107
1482.211,472.249029,508,77
1482.211,472.249029,509,100
1482.211,472.249029,510,16
1482.211,472.23883,514,113
1482.211,472.249029,514,86
1482.211,472.24223,519,100
1482.75,472.276229,401,88
1482.75,472.272829,402,113
1482.75,472.283029,403,128
1482.75,472.276229,406,109
1482.75,472.279629,408,121
1482.75,472.276229,410,62
1482.75,472.276229,411,181
1482.75,472.276229,412,221
1482.75,472.286429,413,26
1482.75,472.276229,414,41
1482.75,472.272829,415,209
1482.75,472.266029,416,234
1482.75,472.276229,417,121
1482.75,472.276229,418,249
1482.75,472.279629,419,506
1482.75,472.276229,420,376
1482.75,472.276229,421,283
1482.75,472.276229,422,671
1482.75,472.279629,423,546
1482.75,472.279629,424,656
1482.75,472.279629,425,658
1482.75,472.272829,426,746
1482.75,472.276229,427,544
1482.75,472.276229,428,798
1482.75,472.276229,429,832
1482.75,472.276229,430,849
1482.75,472.279629,431,900
1482.75,472.283029,432,346
1482.75,472.279629,433,312
1482.75,472.276229,434,332
1482.75,472.279629,435,368
1482.75,472.279629,437,529
1482.75,472.283029,438,179
1482.75,472.283029,439,126
1482.75,472.272829,440,196
1482.75,472.279629,441,221
1482.75,472.266029,442,79
1482.75,472.272829,442,73
1482.75,472.286429,442,92
1482.75,472.283029,443,173
1482.75,472.279629,444,130
1482.75,472.272829,445,18
1482.75,472.272829,446,230
1482.75,472.276229,447,88
1482.75,472.279629,448,90
1482.75,472.269429,449,143
1482.75,472.286429,451,115
1482.75,472.279629,452,380
1482.75,472.272829,453,94
1482.75,472.276229,456,121
1482.75,472.283029,464,100
1482.75,472.249029,474,98
1482.75,472.24223,478,105
1482.75,472.24223,482,24
1482.75,472.23883,483,88
1482.75,472.24223,486,126
1482.75,472.24223,487,88
1482.75,472.249029,488,412
1482.75,472.24223,490,183
1482.75,472.24563,491,198
1482.75,472.23883,493,132
1482.75,472.249029,494,105
1482.75,472.249029,495,270
1482.75,472.249029,496,202
1482.75,472.24223,497,162
1482.75,472.24223,499,217
1482.75,472.24563,500,39
1482.75,472.24563,501,119
1482.75,472.252429,509,58
1483.292,472.279629,403,275
1483.292,472.283029,404,79
1483.292,472.279629,408,19
1483.292,472.276229,412,93
1483.292,472.276229,413,57
1483.292,472.276229,414,89
1483.292,472.279629,415,63
1483.292,472.272829,416,143
1483.292,472.283029,417,353
1483.292,472.276229,418,229
1483.292,472.279629,419,339
1483.292,472.276229,420,469
1483.292,472.272829,421,351
1483.292,472.276229,422,499
1483.292,472.276229,423,544
1483.292,472.283029,424,784
1483.292,472.276229,425,612
1483.292,472.279629,426,604
1483.292,472.276229,427,608
1483.292,472.279629,428,405
1483.292,472.279629,429,572
1483.292,472.279629,430,407
1483.292,472.276229,431,401
1483.292,472.276229,432,522
1483.292,472.279629,433,511
1483.292,472.279629,434,720
1483.292,472.279629,435,491
1483.292,472.279629,436,429
1483.292,472.283029,437,289
1483.292,472.283029,438,343
1483.292,472.279629,439,429
1483.292,472.276229,441,309
1483.292,472.276229,442,63
1483.292,472.279629,443,291
1483.292,472.283029,444,399
1483.292,472.276229,445,175
1483.292,472.286429,446,21
1483.292,472.272829,447,277
1483.292,472.272829,448,133
1483.292,472.279629,449,115
1483.292,472.279629,450,163
1483.292,472.279629,454,51
1483.292,472.283029,455,175
1483.292,472.276229,456,177
1483.292,472.283029,457,17
1483.292,472.276229,458,71
1483.292,472.286429,460,89
1483.292,472.276229,467,37
1483.292,472.23883,476,159
1483.292,472.23883,480,119
1483.292,472.23543,483,81
1483.292,472.252429,483,139
1483.292,472.24563,485,97
1483.292,472.24223,486,115
1483.292,472.23883,488,111
1483.292,472.252429,489,143
1483.292,472.23883,490,187
1483.292,472.252429,490,83
1483.292,472.249029,491,91
1483.292,472.23883,494,235
1483.292,472.24563,495,73
1483.292,472.24563,497,185
1483.292,472.24563,499,183
1483.292,472.23543,500,171
1483.292,472.24563,501,143
1483.292,472.24563,503,51
1483.292,472.24563,506,115
1483.292,472.24563,517,35
1483.292,472.23883,519,113
1483.832,472.269429,401,67
1483.832,472.276229,402,158
1483.832,472.272829,405,73
1483.832,472.279629,412,197
1483.832,472.276229,415,168
1483.832,472.272829,416,160
1483.832,472.276229,417,103
1483.832,472.276229,418,342
1483.832,472.269429,420,140
1483.832,472.276229,421,394
1483.832,472.283029,422,496
1483.832,472.279629,423,422
1483.832,472.279629,424,474
1483.832,472.272829,425,485
1483.832,472.279629,426,539
1483.832,472.279629,427,415
1483.832,472.276229,428,452
1483.832,472.283029,429,331
1483.832,472.279629,430,439
1483.832,472.279629,431,764
1483.832,472.279629,432,173
1483.832,472.272829,433,457
1483.832,472.276229,434,203
1483.832,472.276229,435,654
1483.832,472.283029,436,218
1483.832,472.279629,437,372
1483.832,472.279629,438,301
1483.832,472.279629,439,197
1483.832,472.272829,440,259
1483.832,472.283029,441,43
1483.832,472.276229,443,181
1483.832,472.283029,444,153
1483.832,472.269429,445,19
1483.832,472.276229,446,288
1483.832,472.276229,447,227
1483.832,472.272829,448,194
1483.832,472.279629,449,134
1483.832,472.276229,450,142
1483.832,472.276229,451,110
1483.832,472.272829,452,54
1483.832,472.286429,454,73
1483.832,472.276229,455,145
1483.832,472.279629,456,86
1483.832,472.276229,457,108
1483.832,472.269429,459,45
1483.832,472.272829,460,77
1483.832,472.249029,478,25
1483.832,472.23883,480,47
1483.832,472.252429,482,132
1483.832,472.24223,483,47
1483.832,472.249029,485,116
1483.832,472.24223,488,246
1483.832,472.23883,490,47
1483.832,472.249029,494,177
1483.832,472.23883,497,218
1483.832,472.249029,499,21
1483.832,472.24223,500,171
1483.832,472.249029,502,51
1483.832,472.23883,503,201
1483.832,472.24223,506,69
1483.832,472.252429,506,64
1484.372,472.286429,402,101
1484.372,472.276229,403,47
1484.372,472.272829,404,72
1484.372,472.272829,407,138
1484.372,472.279629,410,51
1484.372,472.269429,412,202
1484.372,472.279629,414,134
1484.372,472.279629,415,79
1484.372,472.276229,416,117
1484.372,472.276229,417,256
1484.372,472.279629,418,675
1484.372,472.286429,419,188
1484.372,472.279629,420,590
1484.372,472.276229,421,390
1484.372,472.283029,422,484
1484.372,472.276229,423,491
1484.372,472.272829,424,477
1484.372,472.269429,425,479
1484.372,472.276229,426,256
1484.372,472.276229,427,428
1484.372,472.276229,428,696
1484.372,472.276229,429,592
1484.372,472.279629,430,543
1484.372,472.279629,431,291
1484.372,472.276229,432,275
1484.372,472.283029,433,418
1484.372,472.279629,434,312
1484.372,472.276229,435,416
1484.372,472.279629,436,338
1484.372,472.272829,437,331
1484.372,472.279629,438,188
1484.372,472.279629,439,190
1484.372,472.279629,440,275
1484.372,472.279629,441,185
1484.372,472.283029,442,376
1484.372,472.283029,443,214
1484.372,472.276229,444,21
1484.372,472.279629,445,101
1484.372,472.286429,446,465
1484.372,472.279629,447,249
1484.372,472.276229,449,291
1484.372,472.276229,450,143
1484.372,472.276229,451,221
1484.372,472.276229,452,155
1484.372,472.286429,452,117
1484.372,472.283029,453,164
1484.372,472.283029,454,148
1484.372,472.272829,455,79
1484.372,472.272829,457,44
1484.372,472.283029,459,94
1484.372,472.276229,460,122
1484.372,472.249029,470,84
1484.372,472.249029,477,202
1484.372,472.24223,479,101
1484.372,472.23883,481,47
1484.372,472.249029,481,42
1484.372,472.249029,482,261
1484.372,472.23883,489,103
1484.372,472.24563,490,228
1484.372,472.24223,491,319
1484.372,472.249029,494,72
1484.372,472.249029,495,204
1484.372,472.252429,496,174
1484.372,472.24563,497,265
1484.372,472.24563,499,242
1484.372,472.252429,504,225
1484.372,472.23883,506,117
1484.915,472.276229,402,164
1484.915,472.272829,406,142
1484.915,472.276229,407,132
1484.915,472.283029,412,176
1484.915,472.276229,413,162
1484.915,472.286429,414,152
1484.915,472.272829,416,104
1484.915,472.276229,417,122
1484.915,472.276229,418,164
1484.915,472.276229,419,199
1484.915,472.283029,420,181
1484.915,472.276229,421,418
1484.915,472.276229,422,309
1484.915,472.279629,423,378
1484.915,472.276229,424,211
1484.915,472.286429,424,239
1484.915,472.283029,425,334
1484.915,472.279629,426,441
1484.915,472.276229,427,508
1484.915,472.283029,428,249
1484.915,472.272829,429,234
1484.915,472.283029,430,388
1484.915,472.276229,431,274
1484.915,472.272829,432,276
1484.915,472.283029,433,276
1484.915,472.279629,434,396
1484.915,472.279629,435,114
1484.915,472.279629,436,381
1484.915,472.266029,437,471
1484.915,472.276229,438,279
1484.915,472.283029,439,144
1484.915,472.276229,440,159
1484.915,472.276229,441,334
1484.915,472.283029,442,321
1484.915,472.276229,443,251
1484.915,472.276229,444,291
1484.915,472.276229,445,112
1484.915,472.272829,446,149
1484.915,472.272829,447,79
1484.915,472.279629,448,314
1484.915,472.283029,449,249
1484.915,472.276229,450,49
1484.915,472.276229,451,334
1484.915,472.279629,452,142
1484.915,472.276229,453,162
1484.915,472.269429,457,152
1484.915,472.279629,457,129
1484.915,472.279629,458,82
1484.915,472.279629,464,122
1484.915,472.276229,465,87
1484.915,472.24563,472,62
1484.915,472.24223,477,139
1484.915,472.24223,484,112
1484.915,472.23543,488,144
1484.915,472.24563,488,97
1484.915,472.24563,491,104
1484.915,472.249029,492,144
1484.915,472.249029,493,104
1484.915,472.249029,495,181
1484.915,472.24563,498,186
1484.915,472.249029,500,159
1484.915,472.24563,502,112
1484.915,472.23543,504,79
